final,all,review_id
1,"[1, 1, 1, 1, 1]",214942
1,"[1, 1, 1, 1, 1]",214943
2,"[2, 5, -1, 1, 2]",214944
3,"[5, 3, 2, 3, -1]",214945
1,"[1, 1, 1, 1, 1]",214946
2,"[1, 2, 1, 2, 3]",214947
3,"[3, 3, 3, 3, 2]",214948
1,"[1, 1, 1, 1, 1]",214949
3,"[3, 6, 2, 1, 4]",214950
1,"[1, 1, 1, 1, 1]",214951
3,"[5, 2, 1, 2, 3]",214952
1,"[2, 1, 1, 1, 2]",214953
3,"[3, 3, 3, 3, 5]",214954
1,"[1, 1, 1, 2, 1]",214955
1,"[1, 1, 1, 1, 1]",214956
1,"[1, 1, 1, 2, 1]",214957
1,"[1, 1, 1, 1, 1]",214958
3,"[3, 3, 4, 3, 3]",214959
1,"[1, 1, 1, 1, 1]",214960
1,"[1, 1, 1, 1, 1]",214961
1,"[2, 1, 1, 1, 2]",214962
2,"[2, 2, 2, 2, 2]",214963
1,"[1, 1, 1, 1, 2]",214964
2,"[1, 2, 1, 2, 2]",214965
2,"[2, 2, 2, 2, 2]",214966
2,"[1, 1, 2, 2, 2]",214967
1,"[1, 1, 1, 1, 1]",214968
6,"[6, 5, 6, 6, 5]",214969
3,"[3, 4, 3, 3, 3]",214970
2,"[2, 2, 3, 2, 2]",214971
1,"[1, 1, 1, 1, 1]",214972
3,"[3, 3, 3, 3, 3]",214973
2,"[2, 3, 3, 2, 2]",214974
3,"[4, 4, 3, 2, 3]",214975
1,"[1, 1, 1, 1, 1]",214976
1,"[1, 1, 1, 1, 1]",214977
1,"[1, 1, 1, 2, 1]",214978
2,"[2, 3, 2, 2, 3]",214979
1,"[1, 2, 1, 1, 1]",214980
2,"[2, 1, 2, 1, 3]",214981
2,"[3, 3, 1, 1, 1]",214982
3,"[3, 4, 3, 3, 4]",214983
1,"[1, 1, 1, 1, 1]",214984
1,"[1, 1, 1, 1, 1]",214985
1,"[1, 1, 1, 1, 1]",214986
1,"[1, 1, 1, 1, 1]",214987
3,"[4, 2, 2, 2, 3]",214988
1,"[1, 1, 1, 1, 1]",214989
2,"[3, 3, 3, 1, 2]",214990
1,"[1, 1, 1, 1, 1]",214991
1,"[1, 1, 1, 1, 1]",214992
5,"[4, 6, 6, 4, 4]",214993
4,"[4, 4, 4, 4, 3]",214994
2,"[3, 2, 2, 1, 3]",214995
1,"[1, 1, 2, 1, 1]",214996
1,"[1, 1, 1, 1, 1]",214997
1,"[1, 1, 1, 1, 2]",214998
1,"[1, 1, 1, 1, 1]",214999
1,"[2, 1, 1, 1, 1]",215000
1,"[1, 1, 1, 1, 1]",215001
1,"[1, 1, 1, 2, 1]",215002
1,"[1, 1, 1, 1, 1]",215003
1,"[1, 1, 2, 1, 1]",215004
1,"[2, 1, 2, 1, 1]",215005
1,"[1, 1, 1, 1, 1]",215006
1,"[1, 1, 2, 1, 1]",215007
2,"[2, 3, 1, 3, 2]",215008
3,"[3, 3, 4, 3, 3]",215009
1,"[1, 1, 1, 1, 1]",215010
3,"[4, 3, 4, 2, 3]",215011
2,"[2, 2, 3, 1, 1]",215012
1,"[1, 1, 1, 1, 1]",215013
5,"[4, 5, 5, 5, 5]",215014
3,"[2, 3, 3, 2, 3]",215015
1,"[1, 1, 1, 1, 1]",215016
1,"[2, 1, 1, 1, 1]",215017
1,"[1, 1, 1, 1, 1]",215018
1,"[1, 1, 3, 1, 1]",215019
1,"[1, 1, 1, 1, 1]",215020
1,"[1, 1, 1, 1, 1]",215021
1,"[2, 1, 1, 1, 1]",215022
1,"[1, 2, 1, 1, 2]",215023
3,"[3, 3, 3, 3, 3]",215024
1,"[1, 1, 1, 1, 1]",215025
2,"[3, 1, 3, 2, 2]",215026
2,"[2, 1, 5, 1, 1]",215027
4,"[4, 4, 4, 4, 4]",215028
3,"[5, 1, 3, 2, 3]",215029
2,"[1, 2, 2, 2, 2]",215030
1,"[1, 1, 1, 1, 1]",215031
4,"[4, 4, 5, 4, 5]",215032
1,"[1, 1, 1, 1, 1]",215033
3,"[4, 3, 3, 3, 3]",215034
3,"[3, 4, 3, 4, 3]",215035
1,"[1, 1, 1, 1, 1]",215036
1,"[1, 1, 1, 1, 1]",215037
2,"[2, 2, 3, 1, 2]",215038
3,"[3, 3, 3, 3, 3]",215039
2,"[3, 2, 2, 2, 2]",215040
1,"[2, 1, 1, 1, 1]",215041
3,"[3, 3, 3, 3, 3]",215042
3,"[3, 4, 1, 3, 2]",215043
1,"[1, 1, 1, 1, 1]",215044
2,"[2, 2, 3, 2, 3]",215045
3,"[2, 2, 4, 3, 3]",215046
3,"[2, 2, 5, 2, 2]",215047
4,"[5, 3, 4, 4, 4]",215048
1,"[1, 2, 1, 2, 1]",215049
2,"[3, 2, 1, 1, 1]",215050
1,"[1, 2, 1, 2, 1]",215051
1,"[1, 1, 2, 1, 1]",215052
4,"[4, 4, 4, 4, 4]",215053
2,"[3, 2, 2, 3, 2]",215054
3,"[2, 5, 3, 3, 4]",215055
1,"[1, 1, 1, 1, 1]",215056
3,"[3, 2, 4, 3, 3]",215057
1,"[1, 1, 1, 1, 1]",215058
1,"[2, 1, 1, 1, 2]",215059
3,"[3, 3, 3, 3, 3]",215060
2,"[2, 2, 3, 3, 1]",215061
4,"[4, 5, 3, 3, 4]",215062
1,"[1, 1, 1, 1, 1]",215063
1,"[1, 1, 2, 1, 1]",215064
1,"[1, 1, 1, 1, 1]",215065
5,"[5, 6, 3, 5, 4]",215066
2,"[2, 2, 2, 2, 1]",215067
1,"[1, 1, 1, 1, 1]",215068
1,"[1, 1, 1, 1, 1]",215069
1,"[1, 1, 2, 1, 1]",215070
1,"[1, 1, 2, 1, 1]",215071
1,"[1, 1, 1, 1, 1]",215072
1,"[1, 1, 1, 1, 2]",215073
6,"[6, 6, 6, 6, 6]",215074
6,"[7, 6, 6, 7, 6]",215075
1,"[1, 1, 2, 1, 2]",215076
5,"[5, 4, 4, 5, 6]",215077
1,"[1, 1, 1, 1, 1]",215078
1,"[1, 1, 1, 1, 1]",215079
4,"[4, 2, 4, 5, 5]",215080
4,"[4, 4, 4, 3, 4]",215081
3,"[3, 3, 3, 3, 3]",215082
1,"[1, 1, 1, 1, 1]",215083
1,"[1, 1, 1, 1, 1]",215084
5,"[5, 5, 5, 6, 5]",215085
1,"[1, 1, 1, 1, 1]",215086
1,"[1, 1, 1, 1, 1]",215087
3,"[3, 3, 2, 3, 3]",215088
3,"[3, 1, 2, 4, 3]",215089
2,"[2, 2, 1, 1, 2]",215090
1,"[1, 1, 1, 1, 1]",215091
3,"[4, 3, 4, 3, 3]",215092
3,"[3, 3, 2, 3, 2]",215093
6,"[4, 6, 6, 6, 6]",215094
3,"[3, 3, 2, 2, 4]",215095
2,"[1, 3, 1, 1, 2]",215096
2,"[2, 2, 2, 1, 2]",215097
2,"[1, 1, 2, 2, 2]",215098
1,"[1, 1, 1, 1, 1]",215099
3,"[3, 3, 3, 3, 3]",215100
1,"[1, 1, 1, 2, 1]",215101
3,"[3, 4, 3, 2, 3]",215102
3,"[3, 3, 3, 3, 2]",215103
4,"[4, 4, 4, 4, 3]",215104
1,"[1, 1, 1, 2, 2]",215105
5,"[5, 6, 4, 4, 4]",215106
2,"[2, 2, 1, 2, 1]",215107
4,"[4, 4, 5, 4, 4]",215108
6,"[6, 6, 6, 6, 6]",215109
2,"[3, 1, 1, 1, 2]",215110
3,"[2, 2, 2, 3, 4]",215111
6,"[6, 6, 6, 6, 4]",215112
1,"[1, 1, 1, 1, 1]",215113
1,"[1, 2, 1, 1, 1]",215114
2,"[1, 2, 1, 2, 2]",215115
1,"[1, 1, 1, 1, 1]",215116
1,"[1, 1, 1, 2, 1]",215117
4,"[4, 3, 3, 4, 4]",215118
1,"[1, 1, 1, 1, 1]",215119
2,"[3, 2, 2, 3, 1]",215120
1,"[1, 1, 1, 2, 1]",215121
2,"[1, 2, 3, 1, 2]",215122
2,"[2, 1, 2, 2, 1]",215123
1,"[1, 1, 1, 1, 1]",215124
3,"[3, 3, 3, 3, 3]",215125
1,"[1, 1, 1, 1, 1]",215126
1,"[1, 1, 1, 1, 1]",215127
3,"[3, 4, 3, 3, 4]",215128
1,"[1, 1, 1, 1, 2]",215129
1,"[1, 1, 1, 1, 1]",215130
2,"[1, 1, 1, 8, 1]",215131
2,"[3, 2, 3, 2, 2]",215132
1,"[1, 1, 1, 1, 1]",215133
1,"[1, 2, 2, 1, 1]",215134
2,"[2, 2, 3, 2, 2]",215135
3,"[2, 2, 3, 4, 3]",215136
3,"[2, 3, 3, 3, 2]",215137
2,"[2, 3, 2, 1, 3]",215138
2,"[2, 2, 2, 3, 2]",215139
2,"[2, 2, 2, 1, 2]",215140
3,"[3, 4, 3, 3, 4]",215141
1,"[1, 2, 1, 2, 1]",215142
7,"[7, 7, 7, 6, 7]",215143
2,"[2, 2, 2, 3, 2]",215144
1,"[1, 1, 1, 1, 1]",215145
2,"[1, 2, 2, 3, 3]",215146
2,"[3, 2, 2, 2, 3]",215147
4,"[5, 4, 5, 4, 4]",215148
1,"[1, 2, 1, 1, 1]",215149
1,"[1, 1, 1, 1, 1]",215150
1,"[1, 1, 1, 1, 1]",215151
1,"[1, 1, 1, 1, 1]",215152
2,"[1, 3, 2, 2, 1]",215153
1,"[1, 1, 1, 1, 1]",215154
1,"[1, 2, 1, 1, 2]",215155
3,"[2, 4, 3, 4, 3]",215156
1,"[1, 1, 1, 1, 1]",215157
1,"[1, 1, 1, 1, 1]",215158
2,"[2, 2, 1, 1, 2]",215159
4,"[3, 3, 6, 3, 3]",215160
1,"[1, 2, 1, 1, 1]",215161
1,"[1, 1, 1, 1, 1]",215162
1,"[1, 1, 1, 1, 1]",215163
4,"[4, 4, 4, 4, 4]",215164
1,"[1, 1, 1, 1, 1]",215165
1,"[1, 1, 1, 1, 1]",215166
5,"[6, 5, 5, 6, 5]",215167
6,"[6, 6, 6, 6, 6]",215168
2,"[2, 2, 3, 2, 2]",215169
3,"[3, 2, 3, 2, 3]",215170
4,"[5, 4, 4, 5, 3]",215171
1,"[1, 2, 1, 1, 1]",215172
1,"[1, 2, 1, 1, 1]",215173
4,"[3, 2, 4, 4, 5]",215174
1,"[1, 2, 2, 1, 1]",215175
1,"[1, 1, 1, 2, 2]",215176
2,"[2, 2, 3, 2, 2]",215177
1,"[1, 1, 1, 1, 1]",215178
1,"[1, 1, 1, 1, 1]",215179
5,"[4, 4, 6, 5, 4]",215180
1,"[1, 1, 1, 2, 1]",215181
1,"[2, 1, 1, 1, 1]",215182
1,"[2, 1, 1, 1, 1]",215183
4,"[4, 4, 4, 4, 4]",215184
2,"[1, 2, 1, 3, 2]",215185
4,"[5, 5, 4, 4, 4]",215186
1,"[1, 1, 1, 1, 1]",215187
4,"[4, 4, 4, 4, 5]",215188
4,"[3, 4, 4, 4, 4]",215189
3,"[2, 3, 2, 3, 3]",215190
2,"[2, 2, 3, 4, 1]",215191
2,"[2, 1, 1, 3, 1]",215192
6,"[6, 6, 6, 6, 5]",215193
2,"[2, 1, 2, 1, 2]",215194
2,"[1, -1, 3, 1, 3]",215195
1,"[2, 1, 1, 1, 1]",215196
2,"[2, 3, 3, 2, 2]",215197
3,"[3, 3, 3, 3, 3]",215198
3,"[4, 3, 3, 3, 4]",215199
1,"[1, 1, 1, 1, 1]",215200
4,"[4, 3, 6, 3, 2]",215201
1,"[1, 1, 1, 1, 1]",215202
1,"[1, 1, 1, 1, 1]",215203
3,"[3, 4, 4, 3, 3]",215204
1,"[2, 1, 1, 1, 1]",215205
2,"[2, 3, 2, 3, 1]",215206
4,"[4, 4, 3, 4, 3]",215207
1,"[1, 1, 1, 1, 1]",215208
3,"[2, 3, 3, 3, 4]",215209
1,"[1, 1, 2, 2, 1]",215210
3,"[2, 4, 4, 4, 3]",215211
4,"[4, 5, 4, 4, 4]",215212
1,"[1, 2, 1, 1, 1]",215213
2,"[2, 2, 2, 2, 2]",215214
1,"[1, 2, 2, 1, 1]",215215
3,"[2, 4, 4, 4, 2]",215216
1,"[2, 1, 1, 2, 1]",215217
3,"[3, 2, 4, 2, 3]",215218
3,"[3, 4, 3, 2, 4]",215219
5,"[5, 6, 6, 5, 5]",215220
3,"[4, 3, 3, 2, 3]",215221
1,"[1, 1, 1, 1, 1]",215222
2,"[1, 2, 2, 1, 3]",215223
2,"[2, 2, 3, 3, 2]",215224
4,"[4, 4, 3, 4, 4]",215225
5,"[6, 6, 5, 4, 4]",215226
1,"[1, 1, 1, 2, 1]",215227
3,"[3, 4, 3, 3, 3]",215228
3,"[3, 2, 3, 3, 2]",215229
3,"[3, 4, 3, 2, 3]",215230
3,"[3, 3, 3, 4, 3]",215231
3,"[3, 3, 3, 3, 3]",215232
1,"[1, 1, 1, 1, 1]",215233
2,"[2, 3, 3, 2, 2]",215234
1,"[2, 1, 1, 1, 2]",215235
1,"[1, 2, 2, 1, 1]",215236
4,"[4, 4, 3, 4, 3]",215237
1,"[1, 1, 1, 1, 1]",215238
1,"[2, 1, 2, 1, 1]",215239
3,"[3, 3, 3, 1, 3]",215240
1,"[1, 1, 1, 1, 1]",215241
1,"[1, 1, 1, 2, 1]",215242
3,"[3, 3, 3, 3, 3]",215243
4,"[4, 4, 4, 5, 4]",215244
4,"[4, 5, 3, 3, 4]",215245
2,"[3, 3, 2, 1, 1]",215246
3,"[3, 3, 3, 2, 2]",215247
1,"[1, 1, 1, 1, 1]",215248
1,"[1, 2, 1, 1, 1]",215249
1,"[1, 1, 1, 1, 1]",215250
2,"[2, 2, 3, 3, 1]",215251
2,"[1, 2, 1, 2, 2]",215252
2,"[2, 2, 2, 1, 2]",215253
1,"[1, 1, 1, 1, 1]",215254
2,"[-1, -1, 2, 3, -1]",215255
1,"[1, 1, 1, 1, 1]",215256
1,"[1, 1, 1, -1, 2]",215257
3,"[3, 3, 2, 2, 3]",215258
1,"[2, 1, 1, 1, 1]",215259
1,"[1, 1, 1, 1, 1]",215260
3,"[3, 3, 4, 3, 2]",215261
2,"[2, 2, 2, 3, 1]",215262
1,"[2, 1, 1, 1, 1]",215263
2,"[3, 2, 1, 3, 3]",215264
3,"[3, 4, 3, 4, 3]",215265
1,"[1, 1, 1, 1, 1]",215266
1,"[1, 1, 1, 1, 1]",215267
1,"[1, 1, 1, 2, 1]",215268
1,"[1, 1, 1, 1, 1]",215269
1,"[1, 2, 1, 1, 2]",215270
1,"[1, 1, 1, 1, 1]",215271
3,"[3, 3, 3, 2, 2]",215272
1,"[1, 1, 1, 1, 1]",215273
4,"[3, 4, 3, 4, 4]",215274
1,"[1, 1, 1, 2, 1]",215275
1,"[1, 1, 1, 1, 1]",215276
3,"[3, 3, 4, 4, 3]",215277
2,"[2, 2, 2, 1, 2]",215278
1,"[1, 1, 1, 1, 1]",215279
1,"[1, 1, 1, 1, 1]",215280
1,"[1, 1, 1, 1, 1]",215281
1,"[1, 1, 1, 1, 1]",215282
5,"[5, 4, 5, 5, -1]",215283
3,"[3, 3, 2, 2, 3]",215284
2,"[2, 1, 3, 3, 1]",215285
5,"[6, 3, 5, 5, 4]",215286
1,"[1, 1, 1, 1, 1]",215287
2,"[2, 2, 2, 1, 2]",215288
2,"[1, 1, 2, 3, 1]",215289
2,"[1, 2, 2, 3, 1]",215290
3,"[3, 3, 4, 3, 3]",215291
2,"[2, 2, 2, 3, 2]",215292
3,"[3, 3, 3, 3, 4]",215293
3,"[2, 3, 3, 3, 4]",215294
3,"[3, 2, 2, 3, 3]",215295
2,"[1, 3, 2, 3, 2]",215296
5,"[5, 5, 4, 5, 5]",215297
2,"[2, 2, 3, 2, 2]",215298
3,"[3, 4, 3, 3, 2]",215299
2,"[2, 2, 2, 2, 2]",215300
4,"[4, 3, 4, 4, 4]",215301
1,"[1, 2, 2, 1, 1]",215302
3,"[2, 2, 3, 4, 2]",215303
5,"[5, 5, 4, 5, 6]",215304
2,"[2, 2, 3, 3, 2]",215305
1,"[1, 2, 1, 1, 1]",215306
1,"[1, 1, 1, 1, 1]",215307
2,"[2, 1, 2, 2, 2]",215308
2,"[2, 1, 2, 2, 1]",215309
1,"[1, 1, 1, 1, 1]",215310
6,"[6, 6, 6, 6, 6]",215311
1,"[1, 1, 1, 1, 1]",215312
1,"[1, 1, 1, 1, 1]",215313
2,"[2, 3, 1, 1, 1]",215314
1,"[2, 2, 1, 1, 1]",215315
1,"[1, 1, 1, 1, 1]",215316
6,"[6, 6, 5, 7, 6]",215317
3,"[3, 4, 4, 4, 2]",215318
1,"[1, 1, 1, 1, 1]",215319
2,"[2, 1, 1, 3, 1]",215320
2,"[2, 2, 3, 2, 2]",215321
2,"[2, 2, 1, 3, 1]",215322
1,"[1, 1, 1, 1, 1]",215323
3,"[1, 5, 4, 2, 5]",215324
5,"[5, -1, 5, 5, 5]",215325
2,"[2, 1, 2, 1, 3]",215326
2,"[1, 3, 2, 2, 1]",215327
2,"[2, 1, 2, 2, 2]",215328
3,"[3, 3, 3, 3, 4]",215329
1,"[1, 1, 1, 1, 1]",215330
4,"[4, 4, 4, 4, 3]",215331
6,"[6, 6, 6, 7, 6]",215332
1,"[1, 1, 1, 1, 1]",215333
1,"[1, 1, 1, 1, 1]",215334
3,"[4, 2, 3, 2, 3]",215335
1,"[1, 1, 1, 1, 1]",215336
2,"[1, 2, 2, 2, 2]",215337
1,"[1, 1, 1, 1, 1]",215338
4,"[4, 4, 4, 3, 4]",215339
1,"[1, 1, 1, 1, 1]",215340
1,"[1, 1, 1, 1, 1]",215341
2,"[2, 3, 2, 2, 2]",215342
4,"[5, 4, 6, 4, 3]",215343
1,"[2, 1, 1, 1, 1]",215344
2,"[2, 2, 1, 1, 2]",215345
2,"[2, 1, 2, 3, 2]",215346
2,"[3, 1, 2, 2, 1]",215347
6,"[6, 6, 6, 6, 6]",215348
1,"[1, 1, 1, 1, 1]",215349
1,"[1, 1, 1, 1, 1]",215350
1,"[1, 1, 1, 1, 1]",215351
3,"[4, 2, 2, 3, 3]",215352
2,"[2, 1, 2, 1, 2]",215353
1,"[1, 1, 2, 1, 2]",215354
1,"[2, 1, 1, 2, 1]",215355
2,"[3, 1, 2, 2, 2]",215356
2,"[1, 3, 3, 1, 1]",215357
3,"[4, 3, 4, 3, 3]",215358
3,"[4, 3, 2, 3, 3]",215359
1,"[1, 1, 1, 1, 1]",215360
3,"[4, 2, 3, 3, 2]",215361
6,"[6, 6, 5, 6, 6]",215362
3,"[2, 2, 3, 3, 3]",215363
3,"[3, 3, 3, 3, 2]",215364
3,"[3, 4, 4, 2, 3]",215365
1,"[1, 1, 1, 1, 1]",215366
3,"[3, 2, 3, 3, 2]",215367
4,"[4, 4, 5, 4, 4]",215368
2,"[3, 2, 2, 3, 2]",215369
3,"[4, 2, 3, 3, 3]",215370
1,"[1, 1, 1, 1, 1]",215371
5,"[4, 4, 5, 6, 5]",215372
2,"[2, 2, 3, 2, 2]",215373
1,"[1, 1, 1, 1, 2]",215374
6,"[6, 6, 5, 6, 6]",215375
4,"[4, 4, 4, 4, 3]",215376
2,"[2, 1, 2, 3, 2]",215377
1,"[1, 1, 2, 2, 1]",215378
3,"[4, 3, 3, 3, 2]",215379
2,"[2, 2, 2, 1, 4]",215380
1,"[1, 1, 1, 1, 1]",215381
1,"[1, 2, 1, 2, 1]",215382
5,"[4, 4, 4, 6, 5]",215383
3,"[2, 3, 3, 2, 3]",215384
1,"[1, 1, 1, 1, 1]",215385
6,"[6, 6, 6, 6, 6]",215386
4,"[4, 4, 3, 4, 3]",215387
2,"[2, 3, 1, 2, 2]",215388
1,"[2, 1, 1, 1, 1]",215389
1,"[1, 1, 1, 1, 1]",215390
2,"[2, 2, 2, 2, 2]",215391
1,"[1, 1, 1, 1, 1]",215392
3,"[4, 3, 3, 4, 3]",215393
1,"[1, 1, 1, 1, 1]",215394
3,"[3, 4, 3, 3, 3]",215395
1,"[2, 1, 1, 2, 1]",215396
3,"[2, 1, 2, 4, 4]",215397
1,"[1, 1, 2, 1, 1]",215398
1,"[1, 1, 1, 1, 1]",215399
1,"[1, 1, 1, 1, 1]",215400
1,"[2, 2, 1, 1, 1]",215401
2,"[2, 1, 1, 3, 1]",215402
2,"[2, 2, 1, 1, 2]",215403
2,"[2, 3, 2, 4, 1]",215404
4,"[4, 5, 4, 4, 4]",215405
5,"[5, 5, 4, 6, 4]",215406
3,"[3, 3, 2, 3, 3]",215407
4,"[3, 4, 3, 4, 4]",215408
5,"[4, 4, 5, 6, 4]",215409
2,"[2, 2, 2, 3, 2]",215410
2,"[1, 1, 2, 2, 3]",215411
1,"[1, 1, 1, 1, 1]",215412
5,"[6, 4, 4, 4, 6]",215413
1,"[1, 1, 2, 1, 1]",215414
3,"[4, 4, 3, 3, 3]",215415
3,"[3, 3, 4, 4, 3]",215416
1,"[1, 1, 1, 1, 1]",215417
2,"[2, 1, 1, 2, 3]",215418
1,"[1, 1, 1, 1, 1]",215419
1,"[1, -1, 1, 1, 1]",215420
1,"[1, 1, 1, 1, 1]",215421
4,"[5, 4, 3, 4, 4]",215422
2,"[2, 2, 1, 2, 2]",215423
1,"[1, 1, 1, 1, 1]",215424
4,"[6, 4, 4, 4, 4]",215425
3,"[3, 2, 3, 3, 3]",215426
2,"[1, 2, 2, 2, 3]",215427
1,"[1, 1, 1, 1, 1]",215428
1,"[1, 1, 1, 1, 1]",215429
2,"[3, 2, 2, 3, 2]",215430
1,"[1, 1, 1, 1, 1]",215431
1,"[1, 2, 1, 1, 1]",215432
2,"[2, 2, 2, 2, 2]",215433
5,"[6, 5, 5, 4, 6]",215434
3,"[2, 2, 2, 5, 3]",215435
4,"[4, 3, 5, 4, 5]",215436
4,"[4, 4, 4, 4, 4]",215437
1,"[1, 1, 1, 1, 1]",215438
5,"[4, 5, 4, 5, 5]",215439
2,"[1, 2, 1, 2, 2]",215440
1,"[1, 1, 1, 1, 1]",215441
2,"[2, 3, 3, 2, 2]",215442
4,"[4, 4, 4, 4, 5]",215443
4,"[4, 5, 4, 4, 4]",215444
2,"[2, 1, 2, 2, 1]",215445
4,"[4, 4, 3, 3, 4]",215446
1,"[1, 1, 1, 1, 1]",215447
3,"[1, 3, 4, 3, 2]",215448
1,"[1, 1, 1, 1, 1]",215449
1,"[1, 1, 1, 1, 1]",215450
1,"[1, 1, 1, 1, 1]",215451
2,"[1, 2, 2, 2, 1]",215452
3,"[3, 2, 3, 3, 4]",215453
3,"[3, 3, 1, 4, 4]",215454
2,"[2, 2, 2, 1, 2]",215455
1,"[1, 1, 1, 1, 1]",215456
1,"[1, 1, 1, 1, 1]",215457
1,"[1, 1, 2, 1, 1]",215458
3,"[3, 3, 4, 3, 2]",215459
4,"[4, 4, 4, 4, 5]",215460
1,"[1, 1, 1, 1, 2]",215461
6,"[6, 6, 6, 6, 6]",215462
2,"[2, 2, 1, 1, 3]",215463
1,"[1, 1, 1, 1, 1]",215464
1,"[1, 1, 1, 1, 1]",215465
2,"[2, 1, 3, 1, 2]",215466
3,"[3, 3, 2, 3, 3]",215467
1,"[1, 1, 1, 1, 1]",215468
2,"[2, 2, 1, 2, 2]",215469
1,"[1, 1, 1, 1, 1]",215470
1,"[1, 1, 1, 1, 1]",215471
2,"[3, 3, 1, 2, 2]",215472
1,"[2, 1, 1, 1, 2]",215473
6,"[4, 6, 6, 6, 6]",215474
1,"[2, 1, 1, 1, 2]",215475
2,"[2, 2, 2, 2, 2]",215476
3,"[4, 2, 3, 3, 3]",215477
2,"[2, 2, 1, 2, 1]",215478
3,"[3, 3, 3, 3, 3]",215479
5,"[6, 5, 4, 4, 5]",215480
6,"[6, 6, 6, 6, 6]",215481
3,"[4, 4, 3, 3, 3]",215482
4,"[4, 6, 4, 3, 3]",215483
4,"[3, 5, 3, 4, 4]",215484
3,"[3, 1, 3, 2, 4]",215485
4,"[3, 3, 4, 4, 5]",215486
1,"[1, 1, 1, 2, 2]",215487
3,"[3, 2, 3, 2, 4]",215488
6,"[6, 6, 6, 4, 6]",215489
2,"[3, 2, 1, 1, 1]",215490
1,"[1, 1, 1, 1, 1]",215491
2,"[2, 1, 1, 2, 2]",215492
2,"[2, 1, 4, 1, 3]",215493
1,"[1, 1, 1, 1, 1]",215494
1,"[2, 1, 1, 1, 1]",215495
1,"[1, 1, 1, 1, 1]",215496
1,"[1, 1, 1, 1, 1]",215497
3,"[3, 2, 4, 3, 3]",215498
2,"[2, 1, 1, 2, 2]",215499
3,"[3, 2, 2, 3, 3]",215500
3,"[3, 3, 3, 3, 2]",215501
1,"[1, 1, 1, 1, 1]",215502
3,"[3, 3, 4, 3, 3]",215503
4,"[5, 5, 3, 4, 3]",215504
1,"[1, 1, 1, 1, 1]",215505
3,"[3, 2, 2, 3, 3]",215506
1,"[1, 1, 1, 1, 2]",215507
3,"[2, 3, 3, 3, 2]",215508
1,"[1, 1, 1, 1, 1]",215509
2,"[2, 2, 2, 1, 2]",215510
3,"[3, 4, 3, 3, 3]",215511
1,"[1, 2, 1, 1, 2]",215512
1,"[1, 1, 1, 1, 2]",215513
2,"[2, 2, 2, 2, 3]",215514
1,"[2, 1, 1, 1, 1]",215515
1,"[1, 1, 1, 1, 1]",215516
6,"[7, 6, 6, 6, 6]",215517
5,"[4, 5, 5, 5, 4]",215518
3,"[3, 3, 2, 3, 3]",215519
1,"[1, 1, 1, 1, 1]",215520
2,"[2, 1, 1, 2, 2]",215521
1,"[1, 1, 1, 1, 1]",215522
2,"[2, 2, 2, 2, 4]",215523
5,"[4, 6, 5, 6, 4]",215524
1,"[2, 1, 1, 1, 1]",215525
1,"[1, 1, 1, 1, 1]",215526
1,"[1, 1, 2, 2, 1]",215527
2,"[3, 2, 4, 2, 1]",215528
4,"[3, 4, 4, 4, 4]",215529
2,"[2, 2, 2, 2, 1]",215530
3,"[3, 3, 4, 2, 4]",215531
3,"[3, 3, 2, 3, 3]",215532
3,"[4, 4, 4, 3, 2]",215533
6,"[6, 5, 6, 5, 6]",215534
3,"[2, 3, 2, 4, 3]",215535
2,"[1, 2, 2, 1, 2]",215536
1,"[1, 1, 1, 1, 1]",215537
4,"[4, 3, 4, 3, 4]",215538
1,"[1, 1, 1, 1, 1]",215539
4,"[4, 2, 6, 6, 3]",215540
1,"[1, 1, 1, 1, 1]",215541
3,"[3, 3, 2, 3, 3]",215542
2,"[1, 2, 2, 3, 1]",215543
4,"[5, 3, 4, 4, 4]",215544
4,"[6, 3, 4, 3, 4]",215545
1,"[1, 1, 1, 1, 1]",215546
1,"[1, 1, 1, 1, 1]",215547
1,"[1, 1, 1, 1, 1]",215548
1,"[1, 1, 1, 1, 1]",215549
4,"[4, 4, 4, 4, 4]",215550
5,"[6, 5, 5, 5, 6]",215551
2,"[2, 2, 2, 3, 1]",215552
1,"[1, 1, 1, 1, 1]",215553
2,"[3, 2, 3, 3, 1]",215554
1,"[1, 1, 1, 1, 1]",215555
1,"[1, 1, 1, 2, 1]",215556
2,"[2, 2, 1, 1, 3]",215557
1,"[1, 1, 1, 1, 1]",215558
2,"[2, 2, 2, 2, 1]",215559
1,"[1, 1, 1, 1, 1]",215560
6,"[5, 5, 6, 6, 6]",215561
1,"[1, 1, 1, 1, 1]",215562
5,"[5, 5, 5, 4, 4]",215563
3,"[3, 3, 5, 3, 2]",215564
4,"[4, 4, 4, 3, 4]",215565
2,"[2, 2, 2, 3, 1]",215566
6,"[6, 6, 6, 6, 6]",215567
2,"[2, 2, 2, 3, 2]",215568
5,"[5, 5, 4, 5, 5]",215569
2,"[2, 2, 2, 2, 3]",215570
5,"[4, 4, 5, 4, 6]",215571
1,"[1, 1, 2, 1, 1]",215572
6,"[6, 6, 6, 6, 6]",215573
6,"[6, 6, 5, 6, 6]",215574
1,"[1, 1, 1, 1, 1]",215575
1,"[-1, -1, -1, -1, 1]",215576
3,"[2, 3, 4, 2, 3]",215577
1,"[1, 1, 1, 1, 1]",215578
3,"[3, 3, 4, 3, 4]",215579
1,"[1, 2, 1, 1, 1]",215580
1,"[1, 1, 1, 1, 1]",215581
3,"[3, 3, 2, 3, 3]",215582
4,"[3, 4, 5, 4, 4]",215583
2,"[3, 2, 2, 2, 1]",215584
5,"[6, 4, 4, 6, 4]",215585
6,"[5, 5, 6, 6, 6]",215586
3,"[3, 2, 3, 3, 3]",215587
3,"[3, 3, 2, 3, 2]",215588
3,"[4, 2, 5, 3, 1]",215589
1,"[1, 1, 1, 1, 1]",215590
2,"[2, 2, 3, 3, 2]",215591
2,"[-1, -1, 0, 5, -1]",215592
1,"[1, 1, 1, 1, 1]",215593
1,"[1, 1, 1, 1, 1]",215594
1,"[2, 1, 2, 1, 1]",215595
1,"[1, 1, 1, 2, 1]",215596
3,"[2, 1, 5, -1, 5]",215597
1,"[1, 2, 1, 2, 1]",215598
1,"[1, 1, 2, 1, 2]",215599
1,"[2, 1, 1, 1, 1]",215600
3,"[2, 5, 2, 3, 2]",215601
3,"[4, 4, 3, 3, 3]",215602
2,"[2, 1, 2, 2, 2]",215603
1,"[1, 2, 2, 1, 1]",215604
3,"[2, 3, 3, 3, 3]",215605
5,"[5, 5, 5, 5, 5]",215606
3,"[3, 2, 2, 3, 3]",215607
3,"[3, 3, 3, 3, 2]",215608
3,"[3, 4, 3, 3, 3]",215609
1,"[1, 1, 1, 1, 1]",215610
1,"[1, 1, 1, 1, 1]",215611
1,"[1, 1, 1, 1, 1]",215612
6,"[6, 6, 6, 6, 6]",215613
3,"[3, 2, 3, 3, 3]",215614
3,"[1, 3, 3, 2, 4]",215615
3,"[3, 3, 4, 3, 4]",215616
2,"[3, 3, 1, 2, 1]",215617
2,"[3, 1, 1, 2, 2]",215618
3,"[3, 3, 3, 4, 3]",215619
1,"[1, 1, 1, 1, 1]",215620
2,"[2, 2, 2, 2, 3]",215621
6,"[5, 5, 6, 6, 6]",215622
4,"[3, 4, 3, 3, 5]",215623
1,"[1, 2, 1, 1, 2]",215624
1,"[1, 1, 1, 2, 1]",215625
1,"[1, 1, 1, 1, 1]",215626
1,"[1, 1, 1, 1, 1]",215627
1,"[1, 1, 1, 1, 1]",215628
1,"[2, 1, 1, 1, 2]",215629
4,"[4, 4, 3, 3, 4]",215630
5,"[6, 6, 5, 5, 5]",215631
1,"[1, 1, 1, 1, 1]",215632
1,"[1, 1, 1, 1, 1]",215633
3,"[3, 4, 3, 3, 3]",215634
1,"[2, 1, 1, 1, 1]",215635
4,"[3, 3, 4, 4, 4]",215636
2,"[2, 2, 3, 3, 2]",215637
2,"[1, 3, 2, 2, 2]",215638
3,"[3, 3, 3, 3, 3]",215639
6,"[6, 6, 6, 6, 4]",215640
3,"[2, 3, 2, 3, 3]",215641
1,"[1, 1, 1, 1, 1]",215642
1,"[2, 1, 1, 1, 1]",215643
2,"[3, 2, 2, 2, 2]",215644
1,"[1, 1, 1, 1, 2]",215645
4,"[4, 3, 5, 4, 5]",215646
1,"[2, 1, 1, 1, 1]",215647
1,"[2, 1, 2, 1, 1]",215648
2,"[2, 2, 1, 3, 3]",215649
2,"[1, 2, 2, 2, 2]",215650
1,"[1, 1, 1, 1, 1]",215651
1,"[1, 1, 1, 1, 1]",215652
2,"[1, 2, 1, 1, 3]",215653
2,"[1, 3, 2, 1, 1]",215654
1,"[1, 1, 1, 1, 3]",215655
2,"[2, 3, 1, 1, 2]",215656
1,"[1, 1, 1, 1, 1]",215657
1,"[1, 1, 1, 1, 1]",215658
1,"[1, 1, 1, 1, 1]",215659
1,"[1, 1, 1, 1, 1]",215660
1,"[1, 1, 1, 1, 1]",215661
1,"[1, 1, 2, 1, 1]",215662
1,"[1, 1, 1, 1, 1]",215663
1,"[1, 1, 1, 1, 1]",215664
1,"[1, 1, 1, 1, 1]",215665
1,"[1, 2, 1, 1, 1]",215666
1,"[1, 1, 1, 1, 1]",215667
2,"[1, 2, 1, 2, 2]",215668
2,"[2, 3, 1, 3, 2]",215669
1,"[1, 1, 1, 1, 1]",215670
3,"[3, 3, 3, 2, 3]",215671
2,"[3, 3, 2, 2, 2]",215672
2,"[1, 2, 1, 2, 2]",215673
1,"[1, 1, 1, 1, 1]",215674
1,"[1, 1, 1, 1, 1]",215675
2,"[2, 1, 2, 5, 1]",215676
1,"[1, 1, 1, 1, 1]",215677
1,"[1, 1, 1, 1, 1]",215678
2,"[3, 2, 1, 2, 1]",215679
2,"[2, 2, 2, 2, 1]",215680
3,"[4, 4, 3, 3, 3]",215681
1,"[1, 1, 1, 1, 1]",215682
6,"[5, 6, 6, 6, 6]",215683
2,"[1, 1, 2, 1, 3]",215684
1,"[1, 1, 1, 1, 1]",215685
2,"[3, 1, 3, 2, 3]",215686
1,"[1, 1, 1, 1, 1]",215687
4,"[3, 4, 4, 4, 3]",215688
3,"[2, 2, 4, 3, 2]",215689
5,"[4, 4, 5, 5, 6]",215690
4,"[2, 4, 5, 4, 4]",215691
1,"[1, 1, 1, 1, 1]",215692
3,"[3, 3, 3, 3, 3]",215693
1,"[1, 1, 1, 1, 1]",215694
5,"[4, 5, 4, 5, 6]",215695
2,"[2, 3, 3, 2, 2]",215696
1,"[1, 1, 1, 1, 1]",215697
1,"[1, 1, 1, 1, 1]",215698
1,"[2, 1, 1, 1, 2]",215699
2,"[2, 3, 3, 1, 1]",215700
2,"[1, 2, 3, 1, 2]",215701
2,"[2, 3, 2, 1, 3]",215702
1,"[1, 1, 2, 1, 1]",215703
1,"[1, 1, 1, 1, 1]",215704
3,"[3, 4, 3, 3, 2]",215705
2,"[2, 2, 2, 3, 3]",215706
3,"[1, 5, 5, 1, 2]",215707
1,"[1, 1, 1, 1, 1]",215708
3,"[1, 4, 5, -1, 1]",215709
1,"[1, 1, 1, 1, 1]",215710
1,"[1, 3, 1, 1, 1]",215711
1,"[1, 2, 1, 1, 1]",215712
1,"[2, 1, 1, 1, 1]",215713
1,"[1, 1, 1, 1, 1]",215714
2,"[2, 2, 2, 3, 3]",215715
4,"[5, 3, 4, 6, 4]",215716
2,"[1, 2, 3, 1, 3]",215717
1,"[2, 1, 1, 2, 1]",215718
1,"[1, 1, 1, 1, 1]",215719
3,"[3, 3, 3, 3, 4]",215720
4,"[6, 3, 3, 5, 4]",215721
1,"[1, 1, 1, 2, 1]",215722
1,"[1, 1, 1, 1, 1]",215723
3,"[3, 3, 3, 3, 3]",215724
1,"[1, 1, 1, 1, 1]",215725
1,"[1, 1, 1, 1, 1]",215726
1,"[3, 1, 1, 1, 1]",215727
2,"[2, 1, 1, 2, 2]",215728
1,"[1, 1, 1, 1, 1]",215729
2,"[2, 2, 2, 2, 2]",215730
1,"[2, 1, 2, 1, 1]",215731
1,"[1, 1, 1, 1, 1]",215732
1,"[1, 1, 1, 1, 2]",215733
1,"[1, 1, 1, 1, 1]",215734
1,"[1, 1, 1, 1, 1]",215735
6,"[6, 6, 6, 6, 6]",215736
1,"[1, 1, 1, 1, 1]",215737
2,"[2, 2, 3, 2, 2]",215738
2,"[3, 2, 1, 1, 2]",215739
1,"[1, 1, 1, 1, 1]",215740
1,"[1, 1, 1, 1, 1]",215741
1,"[2, 1, 2, 1, 1]",215742
1,"[3, 1, 1, 1, 1]",215743
1,"[1, 1, 1, 1, 1]",215744
2,"[1, 1, 2, 2, 4]",215745
1,"[1, 1, 3, 1, 1]",215746
1,"[1, 1, 1, 1, 1]",215747
2,"[2, 2, 1, 1, 2]",215748
2,"[2, 1, 2, 2, 2]",215749
1,"[1, 1, 1, 1, 2]",215750
3,"[4, 3, 3, 3, 3]",215751
2,"[2, 3, 2, 2, 3]",215752
4,"[3, 4, 4, 4, 4]",215753
2,"[2, 2, 1, 2, 1]",215754
4,"[4, 4, 4, 4, 4]",215755
1,"[1, 1, 1, 1, 1]",215756
3,"[4, 4, 3, 3, 3]",215757
5,"[5, 4, 5, 4, 5]",215758
4,"[4, 4, 4, 3, 5]",215759
1,"[2, 1, 2, 1, 1]",215760
3,"[2, 2, 3, 3, 4]",215761
1,"[1, 1, 1, 1, 1]",215762
3,"[3, 3, 2, 2, 4]",215763
4,"[4, 4, 3, 3, 4]",215764
1,"[1, 2, 1, 1, 2]",215765
1,"[2, 1, 1, 1, 1]",215766
3,"[3, 3, 3, 4, 3]",215767
3,"[4, 3, 3, 2, 2]",215768
2,"[2, 1, 3, 2, 2]",215769
4,"[3, 4, 4, 5, 6]",215770
1,"[1, 1, 1, 1, 1]",215771
3,"[2, 3, 2, 4, 3]",215772
2,"[2, 2, 3, 2, 2]",215773
2,"[2, 2, 1, 3, 3]",215774
1,"[1, 1, 1, 1, 1]",215775
2,"[1, 2, 2, 3, 2]",215776
3,"[3, 3, 3, 2, 3]",215777
1,"[1, 1, 1, 1, 1]",215778
4,"[4, 4, 3, 3, 4]",215779
4,"[3, 5, 5, 3, 5]",215780
1,"[2, 1, 1, 2, 1]",215781
1,"[1, 1, 1, 1, 2]",215782
1,"[1, 1, 1, 1, 1]",215783
1,"[1, 1, 1, 1, 1]",215784
2,"[2, 2, 2, 3, 3]",215785
1,"[1, 1, 2, 2, 1]",215786
2,"[3, 2, 2, 1, 2]",215787
1,"[1, 2, 1, 1, 1]",215788
4,"[5, 3, 3, 4, 4]",215789
4,"[4, 4, 4, 6, 4]",215790
1,"[1, 1, 1, 1, 1]",215791
4,"[3, 5, 4, 3, 3]",215792
2,"[1, -1, 1, 5, 1]",215793
3,"[2, 3, 3, 3, 3]",215794
3,"[3, 3, 4, 2, 3]",215795
5,"[4, 6, 5, 3, 5]",215796
1,"[1, 1, 1, 1, 1]",215797
2,"[3, 2, 2, 3, 2]",215798
2,"[2, 2, 2, 2, 2]",215799
3,"[3, 3, 3, 3, 4]",215800
1,"[1, 1, 1, 1, 1]",215801
2,"[2, 2, 2, 2, 1]",215802
3,"[3, 4, 3, 3, 3]",215803
3,"[3, 3, 3, 3, 2]",215804
2,"[2, 3, 2, 2, 3]",215805
2,"[2, 1, 1, 2, 2]",215806
1,"[1, 1, 1, 1, 1]",215807
1,"[1, 1, 2, 1, 1]",215808
1,"[1, 1, 1, 1, 1]",215809
1,"[1, 1, 1, 1, 1]",215810
2,"[2, 2, 1, 2, 3]",215811
2,"[2, 2, 4, 2, 2]",215812
2,"[2, 2, 2, 1, 2]",215813
2,"[2, 2, 3, 2, 3]",215814
3,"[3, 3, 2, 3, 2]",215815
1,"[1, 1, 1, 1, 1]",215816
2,"[2, 1, 2, 2, 2]",215817
2,"[3, 2, 2, 2, 3]",215818
3,"[2, 3, 3, 3, 2]",215819
2,"[1, 3, 2, 1, 2]",215820
6,"[6, 6, 6, 6, 5]",215821
1,"[1, 1, 2, 1, 2]",215822
4,"[3, 4, 6, 4, 3]",215823
1,"[1, 1, 1, 1, 1]",215824
3,"[3, 2, 2, 2, 4]",215825
4,"[4, 3, 3, 4, 4]",215826
2,"[3, 2, 2, 1, 2]",215827
3,"[3, 4, 4, 3, 3]",215828
1,"[1, 1, 1, 1, 1]",215829
1,"[1, 1, 1, 1, 1]",215830
1,"[1, 1, 1, 1, 2]",215831
1,"[1, 1, 1, 2, 2]",215832
1,"[1, 1, 1, 1, 1]",215833
6,"[6, 5, 6, 6, 6]",215834
1,"[1, 1, 1, 1, 1]",215835
2,"[1, 1, 3, 3, 1]",215836
1,"[1, 1, 1, 1, 1]",215837
1,"[1, 1, 1, 1, 1]",215838
2,"[3, 2, 3, 2, 2]",215839
3,"[3, 4, 2, 3, 3]",215840
3,"[3, 3, 3, 4, 3]",215841
4,"[4, 3, 3, 4, 4]",215842
5,"[6, 4, 6, 5, 5]",215843
4,"[4, 3, 3, 4, 5]",215844
1,"[1, 1, 1, 1, 1]",215845
1,"[1, 1, 1, 1, 1]",215846
2,"[1, 2, 3, 2, 2]",215847
1,"[1, 1, 1, 1, 1]",215848
1,"[1, 1, 1, 3, 1]",215849
1,"[1, 1, 1, 1, 1]",215850
3,"[3, 2, 3, 2, 3]",215851
1,"[1, 1, 1, 1, 1]",215852
1,"[1, 1, 1, 1, 1]",215853
2,"[2, 2, 2, 2, 1]",215854
1,"[1, 1, 1, 1, 1]",215855
4,"[3, 6, 4, 4, 4]",215856
1,"[1, 1, 1, 1, 1]",215857
3,"[3, 3, 3, 4, 3]",215858
4,"[4, 4, 4, 4, 5]",215859
2,"[2, 3, 1, 1, 4]",215860
4,"[4, 4, 3, 3, 4]",215861
1,"[1, 1, 1, 1, 1]",215862
2,"[1, 1, 2, 3, 1]",215863
1,"[1, 1, 1, 1, 2]",215864
4,"[5, 4, 4, 3, 4]",215865
2,"[3, 3, 1, 2, 2]",215866
2,"[1, 3, 3, 2, 2]",215867
5,"[6, 6, 3, 4, 6]",215868
2,"[3, 1, 2, 2, 1]",215869
3,"[3, 3, 3, 4, 3]",215870
1,"[1, 1, 1, 1, 1]",215871
3,"[3, 3, 5, 2, 4]",215872
3,"[4, 4, 3, 3, 3]",215873
1,"[1, 1, 1, 1, 1]",215874
2,"[1, 1, 1, 3, 2]",215875
2,"[3, 2, 1, 2, 2]",215876
1,"[1, 1, 1, 1, 1]",215877
1,"[1, 1, 1, 1, 1]",215878
6,"[6, 6, 4, 6, 6]",215879
1,"[1, 2, 1, 1, 2]",215880
1,"[1, 1, 1, 2, 1]",215881
3,"[3, 2, 2, 4, 5]",215882
2,"[2, 1, 2, 2, 1]",215883
1,"[1, 1, 1, 1, 1]",215884
2,"[1, 2, 2, 1, 2]",215885
1,"[1, 1, 1, 1, 1]",215886
3,"[3, 3, 2, 3, 3]",215887
2,"[3, 2, 1, 2, 2]",215888
3,"[3, 3, 3, 2, 3]",215889
1,"[1, 1, 1, 1, 1]",215890
4,"[4, 4, 4, 4, 3]",215891
1,"[1, 1, 1, 2, 1]",215892
4,"[7, 3, 4, 4, 4]",215893
1,"[1, 1, 1, 1, 1]",215894
1,"[1, 1, 1, 1, 1]",215895
3,"[3, 3, 2, 3, 3]",215896
1,"[1, 1, 1, 1, 1]",215897
2,"[2, 2, 2, 2, 2]",215898
3,"[2, 3, 3, 3, 4]",215899
1,"[2, 1, 2, 1, 1]",215900
1,"[-1, -1, 1, -1, 1]",215901
5,"[5, 5, 5, 5, 5]",215902
2,"[1, 1, 1, 4, 1]",215903
4,"[3, 5, 5, 4, 5]",215904
4,"[3, 4, 5, 4, 4]",215905
4,"[3, 4, 5, 4, 4]",215906
5,"[6, 4, 4, 4, 5]",215907
2,"[2, 1, 1, 2, 2]",215908
1,"[1, 1, 1, 1, 2]",215909
4,"[3, 4, 4, 4, 4]",215910
3,"[3, 2, 2, 3, 3]",215911
1,"[1, 1, 1, 1, 2]",215912
2,"[1, 1, 3, 2, 2]",215913
2,"[2, 3, 2, 3, 2]",215914
2,"[2, 1, 2, 2, 2]",215915
5,"[6, 4, 4, 5, 5]",215916
1,"[1, 1, 2, 1, 1]",215917
1,"[1, 1, 1, 1, 1]",215918
3,"[2, 2, 3, 4, 3]",215919
2,"[3, 2, 3, 2, 2]",215920
6,"[6, 6, 7, 7, 6]",215921
4,"[5, 3, 5, 5, 4]",215922
6,"[6, 6, 6, 6, 6]",215923
3,"[3, 3, 3, 3, 4]",215924
1,"[1, 1, 1, 1, 1]",215925
2,"[1, 2, 2, 1, 3]",215926
5,"[5, 5, 5, 5, 5]",215927
1,"[1, 1, 1, 1, 1]",215928
3,"[1, 1, 8, 1, 6]",215929
8,"[7, 8, 8, 7, 8]",215930
2,"[1, 3, 2, 2, 2]",215931
1,"[1, 2, 1, 1, 1]",215932
1,"[2, 1, 1, 1, 1]",215933
2,"[1, 2, 1, 3, 1]",215934
5,"[5, 4, 5, 5, 5]",215935
2,"[2, 2, 3, 1, 2]",215936
2,"[3, 2, 2, 2, 2]",215937
1,"[1, 1, 1, 1, 1]",215938
1,"[1, 1, 1, 1, 1]",215939
4,"[4, 3, 6, 6, 2]",215940
5,"[5, 4, 5, 4, 6]",215941
2,"[3, 2, 1, 1, 1]",215942
3,"[2, 3, 2, 2, 4]",215943
2,"[2, 1, 2, 2, 2]",215944
1,"[1, 1, 1, 1, 1]",215945
3,"[3, 3, 3, 3, 3]",215946
6,"[6, 6, 6, 6, 6]",215947
3,"[2, 3, 3, 3, 4]",215948
1,"[1, 2, 1, 1, 1]",215949
2,"[1, 2, 2, 2, 1]",215950
1,"[1, 1, 1, 1, 2]",215951
1,"[1, 1, 1, 1, 2]",215952
1,"[1, 1, 1, 1, 1]",215953
3,"[3, 3, 3, 3, 3]",215954
1,"[1, 1, 1, 2, 1]",215955
1,"[1, 1, 1, 1, 1]",215956
1,"[1, 1, 1, 1, 1]",215957
1,"[1, 1, 2, 2, 1]",215958
1,"[2, 1, 1, 1, 1]",215959
2,"[2, 2, 2, 3, 2]",215960
5,"[5, 4, 4, 5, 5]",215961
4,"[4, 4, 6, 4, 3]",215962
3,"[3, 3, 3, 3, 3]",215963
2,"[2, 2, 2, 2, 2]",215964
3,"[3, 3, 4, 3, 4]",215965
1,"[1, 1, 1, 1, 1]",215966
2,"[2, 2, 2, 2, 2]",215967
4,"[4, 3, 4, 4, 4]",215968
1,"[1, 1, 1, 1, 1]",215969
2,"[1, 2, 2, 2, 1]",215970
2,"[3, 2, 3, 2, 1]",215971
3,"[2, 4, 2, 2, 3]",215972
1,"[1, 2, 1, 2, 1]",215973
2,"[2, 1, 1, 2, 3]",215974
3,"[1, 5, 3, 5, 1]",215975
2,"[2, 2, 1, 2, 1]",215976
3,"[3, 4, 3, 3, 3]",215977
1,"[1, 2, 1, 1, 2]",215978
5,"[5, 7, 4, 6, 3]",215979
3,"[2, 3, 2, 4, 3]",215980
1,"[2, 1, 1, 1, 1]",215981
4,"[3, 6, 5, 3, 3]",215982
6,"[5, 5, 6, 6, 6]",215983
1,"[1, 1, 1, 1, 1]",215984
-1,[],215985
4,"[4, 4, 4, 4, 4]",215986
2,"[2, 2, 3, 3, 2]",215987
1,"[1, 1, 1, 1, 1]",215988
3,"[3, 2, 3, 3, 3]",215989
1,"[1, 1, 1, 1, 1]",215990
1,"[1, 1, 1, 1, 1]",215991
4,"[4, 4, 4, 3, 3]",215992
1,"[1, 2, 1, 2, 1]",215993
1,"[1, 1, 1, 1, 1]",215994
1,"[1, 1, 1, 1, 1]",215995
3,"[3, 2, 3, 3, 3]",215996
4,"[2, 5, 1, 5, 5]",215997
1,"[1, 1, 1, 1, 1]",215998
1,"[2, 1, 1, 2, 1]",215999
2,"[1, 2, 2, 2, 1]",216000
1,"[1, 1, 1, 1, 1]",216001
1,"[1, 1, 1, 1, 1]",216002
1,"[1, 1, 1, 1, 1]",216003
3,"[4, 3, 3, 3, 3]",216004
1,"[1, 1, 1, 1, 1]",216005
1,"[1, 1, 1, 1, 1]",216006
2,"[1, 3, 1, 2, 2]",216007
1,"[1, 1, 2, 2, 1]",216008
4,"[4, 4, 3, 3, 4]",216009
2,"[2, 1, 1, 3, 1]",216010
1,"[1, 1, 1, 1, 2]",216011
1,"[1, 1, 1, 1, 1]",216012
2,"[2, 2, 1, 2, 2]",216013
2,"[1, 2, 3, 2, 1]",216014
1,"[1, 1, 1, 1, 1]",216015
4,"[4, 4, 3, 4, 4]",216016
3,"[3, 3, 2, 3, 2]",216017
4,"[4, 4, 3, 4, 4]",216018
3,"[3, 3, 3, 2, 3]",216019
3,"[3, 4, 3, 3, 3]",216020
1,"[2, 1, 1, 1, 1]",216021
1,"[1, 1, 1, 1, 1]",216022
6,"[6, 6, 6, 6, 6]",216023
1,"[1, 1, 3, 1, 1]",216024
4,"[4, 4, 4, 4, 5]",216025
2,"[3, 2, 2, 2, 3]",216026
1,"[1, 1, 1, 1, 1]",216027
4,"[4, 3, 4, 3, 4]",216028
3,"[3, 3, 2, 3, 3]",216029
1,"[1, 1, 1, 3, 1]",216030
1,"[1, 1, 1, 1, 1]",216031
4,"[3, 4, 3, 6, 3]",216032
3,"[3, 3, 3, 4, 4]",216033
4,"[4, 4, 4, 4, 3]",216034
1,"[1, 2, 1, 2, 1]",216035
4,"[4, 4, 4, 6, 4]",216036
2,"[2, 3, 2, 2, 2]",216037
2,"[2, 2, 3, 2, 2]",216038
3,"[5, 1, 5, 1, 1]",216039
2,"[1, -1, 3, 5, 1]",216040
1,"[1, 1, 1, 1, 1]",216041
4,"[4, 4, 5, 4, 4]",216042
2,"[2, 2, 2, 2, 2]",216043
5,"[5, 5, 5, 6, 5]",216044
1,"[1, 1, 1, 1, 1]",216045
3,"[3, 3, 3, 3, 2]",216046
4,"[4, 4, 4, 3, 4]",216047
2,"[1, 5, 2, 1, 1]",216048
3,"[3, 3, 3, 4, 3]",216049
2,"[2, 1, 2, 2, 1]",216050
4,"[4, 3, 5, 4, 4]",216051
3,"[3, 5, 3, 3, 3]",216052
1,"[1, 2, 1, 2, 1]",216053
1,"[1, 1, 1, 1, 1]",216054
4,"[4, 4, 4, 3, 4]",216055
6,"[6, 6, 6, 6, 6]",216056
3,"[3, 3, 3, 2, 3]",216057
1,"[1, 1, 1, 1, 1]",216058
1,"[1, 1, 1, 1, 1]",216059
2,"[3, 3, 3, 2, 1]",216060
1,"[1, 1, 1, 1, 1]",216061
5,"[5, 4, 5, 4, 5]",216062
4,"[4, 4, 4, 3, 4]",216063
2,"[1, 1, 1, 3, 2]",216064
2,"[1, 2, 2, 2, 3]",216065
1,"[1, 1, 1, 1, 1]",216066
3,"[3, 3, 4, 2, 3]",216067
1,"[1, 1, 1, 1, 1]",216068
6,"[6, 6, 6, 6, 4]",216069
1,"[1, 1, 1, 1, 2]",216070
1,"[1, 2, 1, 1, 1]",216071
1,"[1, 1, 2, 1, 1]",216072
1,"[1, 2, 1, 1, 1]",216073
2,"[2, 3, 2, 2, 1]",216074
1,"[2, 1, 1, 1, 1]",216075
2,"[2, 1, 2, 1, 2]",216076
1,"[1, 1, 2, 1, 2]",216077
4,"[4, 3, 5, 3, 4]",216078
2,"[1, 1, 3, 2, 3]",216079
1,"[1, 1, 1, 1, 1]",216080
1,"[1, 1, 1, 1, 1]",216081
2,"[2, 1, 2, 2, 3]",216082
3,"[2, 2, 4, 3, 2]",216083
1,"[1, 1, 1, 1, 2]",216084
3,"[3, 3, 3, 2, 2]",216085
2,"[1, 2, 2, 1, 2]",216086
2,"[2, 2, 2, 1, 2]",216087
3,"[3, 3, 3, 3, 3]",216088
6,"[6, 6, 6, 6, 6]",216089
3,"[3, 1, 4, 3, 3]",216090
1,"[1, 1, 1, 1, 1]",216091
1,"[1, 1, 1, 1, 1]",216092
3,"[3, 4, 3, 3, 3]",216094
3,"[1, 1, 6, 1, 6]",216095
3,"[3, 2, 3, 4, 4]",216096
1,"[1, 1, 1, 1, 1]",216097
1,"[1, 1, 1, 1, 1]",216098
1,"[1, 2, 1, 2, 1]",216099
4,"[5, 5, 1, 5, -1]",216100
1,"[1, 1, 1, 1, 1]",216101
1,"[1, 1, 1, 1, 1]",216102
1,"[1, 1, 1, 1, 1]",216103
1,"[1, 1, 1, 1, 1]",216104
1,"[1, 1, 1, 1, 1]",216105
3,"[3, 3, 3, 3, 3]",216106
1,"[1, 1, 1, 1, 1]",216107
1,"[1, 1, 1, 1, 1]",216108
1,"[1, 1, 1, 1, 1]",216109
2,"[2, 2, 3, 3, 2]",216110
2,"[1, 3, 1, 2, 3]",216111
3,"[3, 2, 4, 2, 3]",216112
1,"[1, 1, 1, 1, 1]",216113
3,"[3, 4, 3, 2, 3]",216114
2,"[1, 2, 3, 2, 1]",216115
1,"[1, 1, 1, 1, 1]",216116
2,"[2, 2, 1, 1, 2]",216117
4,"[5, 5, 5, 3, 4]",216118
1,"[1, 1, 1, 1, 1]",216119
1,"[1, 1, 1, 2, 1]",216120
1,"[1, 1, 1, 1, 1]",216121
7,"[7, 6, 6, 7, 7]",216122
1,"[1, 1, 1, 1, 1]",216123
4,"[4, 5, 4, 6, 3]",216124
6,"[6, 6, 6, 5, 6]",216125
6,"[6, 6, 6, 6, 6]",216126
3,"[3, 4, 4, 4, 2]",216127
4,"[4, 4, 3, 3, 4]",216128
5,"[4, 5, 6, 6, 6]",216129
2,"[3, 1, 2, 3, 2]",216130
3,"[3, 3, 2, 4, 3]",216131
1,"[2, 1, 1, 1, 1]",216132
1,"[-1, 1, 1, -1, -1]",216133
1,"[1, 1, 1, 1, 1]",216134
2,"[2, 1, 2, 2, 2]",216135
1,"[1, 1, 2, 1, 2]",216136
1,"[1, 1, 2, 1, 2]",216137
5,"[4, 6, 6, 4, 6]",216138
1,"[1, 1, 2, 1, 2]",216139
3,"[4, 4, 2, 2, 2]",216140
6,"[6, 6, 6, 6, 6]",216141
3,"[2, 4, 2, 3, 3]",216142
1,"[1, 1, 1, 1, 1]",216143
1,"[1, 1, 1, 1, 1]",216144
1,"[1, 1, 1, 1, 1]",216145
1,"[1, 2, 2, 1, 1]",216146
1,"[1, 1, 1, 1, 1]",216147
1,"[1, 1, 1, 1, 1]",216148
5,"[6, 5, 5, 4, 5]",216149
3,"[4, 4, 3, 3, 3]",216150
1,"[1, 1, 1, 1, 2]",216151
1,"[1, 1, 1, 1, 1]",216152
1,"[1, 1, 2, 2, 1]",216153
2,"[1, 2, 2, 2, 1]",216154
2,"[2, 2, 1, 1, 3]",216155
4,"[4, 3, 4, 4, 4]",216156
2,"[2, 1, 2, 1, 2]",216157
5,"[5, 4, 5, 6, 6]",216158
2,"[2, 2, 3, 2, 3]",216159
1,"[1, 1, 1, 1, 1]",216160
4,"[6, 4, 4, 4, 4]",216161
2,"[2, 1, 2, 2, 1]",216162
2,"[2, 1, 3, 2, 3]",216163
1,"[1, 1, 1, 1, 1]",216164
4,"[4, 4, 4, 3, 4]",216165
1,"[1, 1, 1, 1, 1]",216166
1,"[1, 1, 1, 1, 1]",216167
4,"[3, 4, 4, 4, 3]",216168
4,"[4, 4, 4, 4, 4]",216169
4,"[4, 4, 5, 3, 5]",216170
1,"[1, 1, 1, 1, 1]",216171
3,"[3, 2, 3, 3, 4]",216172
4,"[5, 5, 3, 4, 5]",216173
2,"[2, 2, 2, 1, 2]",216174
2,"[2, 2, 2, 2, 2]",216175
3,"[3, 4, 3, 3, 3]",216176
2,"[2, 2, 2, 2, 2]",216177
1,"[1, 1, 1, 1, 1]",216178
1,"[1, 1, 1, 1, 1]",216179
3,"[3, 4, 3, 4, 3]",216180
1,"[1, 1, 1, 1, 1]",216181
3,"[3, 3, 3, 3, 3]",216182
3,"[3, 3, 3, 2, 4]",216183
1,"[1, 1, 1, 1, 1]",216184
7,"[7, 7, 7, 7, 7]",216185
1,"[1, 1, 1, 1, 1]",216186
7,"[7, 7, 7, 6, 7]",216187
7,"[6, 7, 7, 6, 7]",216188
1,"[1, 1, 1, 1, 1]",216189
1,"[2, 1, 1, 1, 1]",216190
6,"[6, 5, 6, 5, 6]",216191
4,"[5, 5, 5, 5, 2]",216192
2,"[2, 1, 2, 2, 3]",216193
2,"[1, 2, 2, 3, 1]",216194
1,"[1, 1, 1, 1, 2]",216195
7,"[7, 7, 7, 7, 7]",216196
1,"[1, 1, 1, 1, 1]",216197
1,"[1, 1, 1, 2, 2]",216198
1,"[1, 1, 1, 1, 1]",216199
4,"[5, 5, 3, 3, 2]",216200
3,"[3, 3, 2, 3, 2]",216201
1,"[1, 1, 1, 1, 1]",216202
4,"[4, 4, 4, 4, 3]",216203
4,"[4, 4, 4, 4, 4]",216204
1,"[1, 1, 1, 1, 1]",216205
1,"[1, 1, 1, 2, 1]",216206
2,"[3, 2, 1, 2, 2]",216207
4,"[4, 4, 3, 4, 4]",216208
1,"[1, 1, 1, 1, 1]",216209
5,"[5, 5, 5, 6, 5]",216210
2,"[3, 2, 2, 1, 3]",216211
1,"[1, 2, 1, 1, 1]",216212
2,"[1, 2, 1, 2, 2]",216213
1,"[1, 1, 1, 1, 1]",216214
5,"[4, 5, 5, -1, 6]",216215
1,"[1, 1, 1, 1, 1]",216216
1,"[1, 1, 1, 1, 1]",216217
1,"[1, 1, 1, 1, 1]",216218
1,"[1, 1, 1, 1, 2]",216219
4,"[4, 4, 4, 4, 4]",216220
4,"[4, 3, 4, 4, 3]",216221
3,"[3, 3, 3, 3, 3]",216222
3,"[2, 3, 3, 3, 2]",216223
1,"[2, 1, 1, 1, 1]",216224
1,"[1, 1, 1, 1, 2]",216225
1,"[1, 1, 1, 1, 1]",216226
4,"[4, 6, 3, 3, 5]",216227
2,"[1, 2, 2, 2, 2]",216228
5,"[5, 5, 5, 4, 4]",216229
2,"[2, 1, 1, 2, 3]",216230
6,"[6, 6, 6, 6, 5]",216231
6,"[6, 6, 6, 6, 7]",216232
6,"[6, 6, 6, 6, 6]",216233
1,"[1, 1, 1, 1, 1]",216234
5,"[6, 5, 6, 5, 4]",216235
2,"[1, 1, 1, 4, 1]",216236
2,"[2, 3, 1, 1, 2]",216237
3,"[2, 3, 3, 3, 2]",216238
1,"[1, 1, 1, 1, 1]",216239
1,"[1, 1, 1, 1, 1]",216240
2,"[1, 2, 2, 3, 1]",216241
5,"[5, 5, 5, 3, 5]",216242
4,"[5, 4, 4, 5, 4]",216243
7,"[6, 7, 7, 6, 7]",216244
1,"[1, 3, 1, 1, 1]",216245
8,"[8, 9, 8, 9, 8]",216246
7,"[5, 7, 7, 7, 7]",216247
4,"[5, 4, 5, 4, 4]",216248
7,"[7, 7, 7, 7, 7]",216249
7,"[7, 8, 8, 7, 7]",216250
8,"[8, 7, 7, 8, 8]",216251
1,"[2, 2, 1, 1, 1]",216252
6,"[6, 6, 5, 5, 6]",216253
6,"[6, 8, 6, 6, 2]",216254
8,"[8, 8, 8, 9, 8]",216255
2,"[2, 2, 3, 1, 3]",216256
7,"[7, 7, 7, 7, 7]",216257
5,"[5, 5, 5, 5, 5]",216258
6,"[6, 6, 6, 5, 6]",216259
2,"[2, 2, 3, 2, 2]",216260
8,"[8, 8, 7, 7, 8]",216261
6,"[6, 6, 6, 6, 7]",216262
8,"[8, 8, 7, 7, 8]",216263
8,"[8, 8, 8, 8, 8]",216264
7,"[7, 6, 6, 7, 7]",216265
7,"[7, 7, 7, 7, 7]",216266
5,"[5, 6, 3, 5, 5]",216267
1,"[1, 2, 1, 1, 1]",216268
6,"[5, 7, 6, 6, 6]",216269
4,"[4, 4, 4, 4, 4]",216270
1,"[1, 1, 1, 1, 1]",216271
7,"[7, 7, 7, 7, 7]",216272
8,"[8, 8, 9, 8, 8]",216273
1,"[1, 1, 1, 1, 1]",216274
6,"[6, 6, 6, 7, 6]",216275
6,"[6, 6, 6, 6, 6]",216276
3,"[2, 3, 3, 4, 3]",216277
8,"[8, 8, 7, 8, 8]",216278
4,"[3, 5, 3, 3, 4]",216279
6,"[6, 6, 6, 6, 6]",216280
8,"[8, 8, 8, 8, 8]",216281
7,"[7, 7, 7, 7, 7]",216282
6,"[6, 6, 6, 6, 7]",216283
7,"[7, 6, 7, 7, 7]",216284
7,"[7, 8, 7, 8, 7]",216285
6,"[6, 6, 6, 6, 7]",216286
7,"[7, 7, 7, 8, 7]",216287
7,"[7, 7, 8, 7, 7]",216288
7,"[7, 6, 7, 7, 8]",216289
8,"[8, 8, 8, 8, 8]",216290
3,"[3, 3, 2, 3, 2]",216291
7,"[7, 7, 7, 7, 7]",216292
9,"[9, 9, 9, 8, 8]",216293
7,"[7, 7, 7, 7, 7]",216294
6,"[6, 5, 7, 6, 5]",216295
8,"[7, 8, 8, 8, 8]",216296
9,"[8, 9, 9, 9, 8]",216297
8,"[9, 8, 8, 8, 8]",216298
5,"[-1, 5, 5, 5, 5]",216299
8,"[8, 8, 8, 8, 8]",216300
7,"[6, 7, 7, 7, 6]",216301
6,"[6, 6, 6, 6, 6]",216302
6,"[-1, 6, 5, 6, 5]",216303
6,"[6, 6, 5, 6, 6]",216304
7,"[7, 7, 7, 7, 8]",216305
6,"[6, 6, 6, 6, 7]",216306
1,"[1, 2, 2, 1, 1]",216307
3,"[2, 3, 3, 3, 2]",216308
8,"[8, 8, 8, 7, -1]",216309
8,"[9, 8, 8, 8, 8]",216310
7,"[8, 7, 7, 7, 7]",216311
8,"[8, 8, 8, 8, 8]",216312
7,"[7, 7, 7, 8, 8]",216313
8,"[8, 7, 8, 8, 8]",216314
7,"[7, 7, 7, 7, 7]",216315
8,"[8, 8, 8, 8, 8]",216316
2,"[1, 3, 1, 2, 3]",216317
8,"[7, 8, 8, 8, 8]",216318
7,"[7, 8, 7, 7, 8]",216319
7,"[7, 7, 7, 7, 7]",216320
3,"[3, 2, 4, 5, 3]",216321
7,"[7, 7, 7, 7, 7]",216322
7,"[6, 7, 6, 7, 7]",216323
7,"[7, 7, 7, 7, 7]",216324
6,"[6, 6, 6, 7, 7]",216325
9,"[9, 8, 9, 8, 9]",216326
7,"[7, 7, 7, 8, 7]",216327
7,"[7, 7, 7, 7, 7]",216328
8,"[8, 8, 8, 8, 7]",216329
7,"[7, 7, 6, 7, 7]",216330
5,"[6, 5, 4, 4, 5]",216331
8,"[6, 8, 8, 8, 8]",216332
7,"[8, 7, 7, 8, 7]",216333
6,"[5, 6, 5, 6, 6]",216334
7,"[7, 7, 7, 7, 7]",216335
8,"[8, 7, 8, 8, 8]",216336
8,"[8, 9, 8, 8, 8]",216337
8,"[8, 8, 8, 8, 8]",216338
7,"[7, 7, 7, 7, 7]",216339
9,"[8, 9, 9, 9, 9]",216340
8,"[8, 8, 8, 8, 8]",216341
8,"[7, 8, 7, 8, 8]",216342
7,"[7, 7, 7, 7, 7]",216343
6,"[6, 6, 6, 6, 6]",216344
8,"[8, 8, 8, 8, 8]",216345
3,"[3, 3, 3, 3, 3]",216346
3,"[3, 4, 3, 4, 3]",216347
7,"[7, 7, 7, 7, 7]",216348
8,"[7, 8, 8, 8, 8]",216349
7,"[7, 6, 7, 7, 7]",216350
7,"[7, 7, 7, 7, 7]",216351
1,"[1, 1, 1, 1, 1]",216352
7,"[7, 6, 7, 6, 7]",216353
7,"[7, 6, 7, 7, 7]",216354
8,"[7, 8, 7, 8, 8]",216355
8,"[8, 8, 8, 8, 8]",216356
7,"[7, 7, 7, 7, 7]",216357
8,"[8, 8, 8, 8, 8]",216358
7,"[7, 6, 7, 7, 6]",216359
8,"[7, 8, 8, 7, 8]",216360
7,"[7, 7, 7, 8, 7]",216361
7,"[7, 7, 7, 7, 7]",216362
7,"[6, 6, 7, 7, 7]",216363
7,"[7, 7, 7, 7, 7]",216364
8,"[8, 8, 8, 8, 8]",216365
7,"[7, 7, 7, 7, 7]",216366
6,"[7, 6, 6, 6, 6]",216367
8,"[8, 8, 8, 8, 8]",216368
6,"[6, 6, 6, 7, 6]",216369
8,"[7, 8, 8, 8, 7]",216370
7,"[7, 7, -1, 8, 7]",216371
6,"[7, 5, 6, 6, 6]",216372
6,"[6, 7, 6, 7, 5]",216373
7,"[7, 7, 6, 7, 7]",216374
8,"[8, 8, 8, 7, 8]",216375
6,"[6, 6, 6, 6, 7]",216376
8,"[8, 8, 8, 8, 8]",216377
7,"[7, 7, 7, 7, 7]",216378
1,"[1, 2, 1, 2, 1]",216379
6,"[6, 6, 6, 6, 6]",216380
7,"[7, 6, 6, 7, 7]",216381
7,"[7, 7, 7, 7, 7]",216382
5,"[4, 5, 5, 4, 5]",216383
8,"[8, 8, 8, 8, 8]",216384
6,"[6, 6, 6, 6, 5]",216385
8,"[8, 8, 8, 8, 8]",216386
7,"[6, 7, 7, 7, 7]",216387
7,"[7, 7, 7, 7, 7]",216388
7,"[7, 7, 7, 8, 7]",216389
7,"[7, 7, 7, 7, 7]",216390
8,"[8, 8, 8, 8, 8]",216391
6,"[6, 7, 6, 6, 7]",216392
7,"[7, 7, 7, 7, 7]",216393
7,"[7, 7, 8, 7, 8]",216394
6,"[6, 5, 6, 6, 6]",216395
7,"[6, 7, 7, 7, 6]",216396
7,"[7, 8, 8, 7, 7]",216397
6,"[6, 6, 7, 6, 7]",216398
6,"[6, 6, 6, 6, 6]",216399
7,"[7, 7, 7, 7, 7]",216400
6,"[6, 6, 5, 6, 6]",216401
7,"[7, 7, 7, 7, 7]",216402
6,"[6, 5, 6, 6, 5]",216403
8,"[8, 8, 8, 8, 8]",216404
7,"[7, 8, 7, 7, 7]",216405
6,"[6, 6, 6, 6, 6]",216406
7,"[7, 7, 7, 7, 7]",216407
7,"[6, 7, 7, 7, 6]",216408
8,"[8, 8, 8, 7, 8]",216409
7,"[7, 7, 7, 7, 7]",216410
6,"[6, 7, 7, 6, 6]",216411
6,"[6, 6, 6, 6, 6]",216412
6,"[6, 6, 6, 6, 6]",216413
8,"[8, 8, 8, 8, 8]",216414
7,"[7, 7, 6, 7, 7]",216415
9,"[8, 9, 9, 9, 9]",216416
7,"[6, 7, 7, 7, 7]",216417
7,"[7, 7, 7, 7, 7]",216418
6,"[6, 6, 7, 6, 7]",216419
7,"[8, 6, 6, 7, 7]",216420
8,"[8, 8, 8, 9, 8]",216421
5,"[5, 4, 5, 5, 6]",216422
6,"[6, 6, 6, 6, 6]",216423
6,"[6, 7, 6, 6, 6]",216424
5,"[5, 3, 6, 6, 6]",216425
7,"[8, 7, 7, 7, 7]",216426
8,"[8, 8, 8, 8, 8]",216427
7,"[1, 9, 9, 9, 9]",216428
7,"[6, 7, 7, 6, 7]",216429
8,"[8, 8, 8, 8, 8]",216430
8,"[8, 8, 8, 7, 7]",216431
7,"[7, 7, 7, 7, 7]",216432
8,"[8, 8, 8, 8, 8]",216433
7,"[7, 7, 6, 7, 6]",216434
8,"[8, 8, 8, 8, 8]",216435
6,"[6, 7, 6, 6, 7]",216436
8,"[8, 8, 8, 8, 8]",216437
6,"[6, 6, 7, 7, 6]",216438
8,"[8, 8, 8, 8, 9]",216439
6,"[1, 1, 9, 9, 9]",216440
6,"[6, 6, 7, 6, 7]",216441
6,"[6, 6, 6, 6, 6]",216442
5,"[6, 5, 5, 6, 5]",216443
9,"[9, 9, 9, 9, 9]",216444
6,"[6, 6, 6, 6, 6]",216445
7,"[7, 7, 7, 7, 7]",216446
8,"[8, 7, 8, 8, 8]",216447
8,"[8, 8, 8, 8, 8]",216448
4,"[4, 3, 4, 5, 4]",216449
7,"[7, 7, 8, 7, 8]",216450
6,"[7, 6, 6, 6, 7]",216451
7,"[7, 7, 7, 6, 7]",216452
4,"[3, 5, 4, 5, 4]",216453
4,"[4, 4, 4, 5, 4]",216454
6,"[6, 6, 6, 6, 6]",216455
5,"[4, 4, 4, 6, 5]",216456
3,"[3, 3, 3, 3, 2]",216457
8,"[8, 8, 8, 8, 7]",216458
6,"[6, 6, 6, 6, 6]",216459
8,"[8, 8, 8, 8, 8]",216460
7,"[7, 7, 7, 7, 7]",216461
6,"[6, 5, 6, 5, 6]",216462
5,"[6, 6, 5, 5, 5]",216463
7,"[7, 8, 7, 7, 8]",216464
7,"[7, 8, 8, 7, 7]",216465
6,"[6, 6, 6, 6, 6]",216466
3,"[2, 4, 3, 3, 3]",216467
4,"[2, 4, 6, 4, 4]",216468
7,"[7, 7, 7, 7, 7]",216469
6,"[6, 6, 6, 6, 6]",216470
7,"[8, 3, 9, 8, 7]",216471
7,"[7, 7, 7, 7, 7]",216472
7,"[7, 7, 7, 6, 6]",216473
9,"[9, 9, 9, 9, 9]",216474
8,"[8, 8, 8, 8, 9]",216475
6,"[6, 6, 6, 6, 6]",216476
8,"[8, 7, 8, 8, 8]",216477
6,"[7, 4, 4, 7, 7]",216478
6,"[6, 6, 6, 4, 6]",216479
9,"[9, 9, 9, 9, 9]",216480
6,"[6, 6, 7, 6, 6]",216481
8,"[8, 7, 8, 7, 8]",216482
8,"[8, 8, 8, 8, 7]",216483
7,"[9, 5, 8, 8, 6]",216484
7,"[7, 8, 7, 7, 7]",216485
1,"[1, 1, 1, 1, 1]",216486
6,"[6, 7, 6, 6, 6]",216487
7,"[7, 7, 7, 7, 7]",216488
8,"[8, 8, 8, 8, 8]",216489
7,"[7, 7, 7, 7, 6]",216490
8,"[8, 8, 8, 8, 8]",216491
7,"[7, 7, 7, 7, 8]",216492
8,"[8, 9, 8, 8, 9]",216493
6,"[6, 6, 6, 6, 6]",216494
6,"[6, 6, 6, 7, 7]",216495
7,"[7, 7, 7, 6, 7]",216496
7,"[7, 7, 8, 8, 7]",216497
2,"[2, 1, 1, 3, 3]",216498
7,"[7, 6, 7, 7, 7]",216499
9,"[9, 9, 9, 8, 9]",216500
7,"[7, 7, 7, 7, 7]",216501
7,"[7, 7, 7, 7, 7]",216502
8,"[8, 8, 8, 8, 8]",216503
7,"[7, 7, 7, 7, 6]",216504
8,"[9, 7, 9, 8, 8]",216505
1,"[1, 1, 1, 1, 1]",216506
7,"[7, 7, 7, 7, 7]",216507
7,"[7, 7, 7, 7, 7]",216508
1,"[1, 1, 1, 1, 2]",216509
6,"[6, 2, 7, 8, 7]",216510
7,"[7, 7, 7, 6, 7]",216511
6,"[6, 6, 6, 6, 6]",216512
6,"[7, 7, 6, 6, 6]",216513
7,"[7, 7, 7, 7, 7]",216514
7,"[7, 6, 7, 7, 7]",216515
9,"[9, 9, 9, 8, 9]",216516
5,"[4, 4, 6, 5, 5]",216517
8,"[8, 7, 8, 7, 8]",216518
8,"[8, 8, 8, 8, 8]",216519
8,"[9, 8, 8, 8, 8]",216520
1,"[1, 1, 1, 1, 1]",216521
5,"[5, 5, 5, 6, 6]",216522
7,"[7, 8, 6, 8, 8]",216523
6,"[6, 6, 5, 6, 7]",216524
6,"[5, 6, 6, 6, 7]",216525
8,"[8, 8, 7, 7, 8]",216526
8,"[8, 8, 8, 8, 9]",216527
1,"[1, 1, 1, 1, 1]",216528
7,"[7, 7, 7, 7, 7]",216529
7,"[7, 7, 7, 8, 7]",216530
7,"[7, 7, 7, 7, 7]",216531
7,"[7, 7, 7, 7, 7]",216532
8,"[8, 8, 8, 9, 8]",216533
4,"[1, 5, 5, 3, 4]",216534
1,"[1, 1, 1, 1, 1]",216535
6,"[6, 6, 6, 6, 6]",216536
4,"[5, 4, 5, 4, 4]",216537
7,"[7, 8, 6, 7, 7]",216538
2,"[1, 2, 2, 2, 1]",216539
7,"[8, 7, 7, 7, 7]",216540
8,"[8, 8, 8, 8, 8]",216541
7,"[7, 7, 7, 7, 7]",216542
7,"[7, 7, 7, 6, 7]",216543
7,"[7, 7, 7, 8, 8]",216544
6,"[6, 6, 6, 6, 6]",216545
8,"[8, 7, 8, 8, 8]",216546
7,"[7, 7, 7, 8, 7]",216547
5,"[6, 3, 7, 4, 3]",216548
7,"[7, 7, 7, 7, 7]",216549
6,"[6, 6, 6, 7, 6]",216550
7,"[6, 7, 7, 8, 8]",216551
8,"[8, 8, 8, 8, 8]",216552
6,"[6, 6, 6, 6, 6]",216553
7,"[7, 7, 7, 7, 7]",216554
8,"[7, 8, 7, 8, 8]",216555
1,"[1, 1, 1, 1, 1]",216556
7,"[7, 8, 8, 6, 7]",216557
7,"[8, 7, 8, 7, 7]",216558
5,"[6, 5, 6, 5, 5]",216559
7,"[6, 6, 7, 7, 7]",216560
7,"[7, 7, 7, 8, 7]",216561
7,"[8, 7, 7, 7, 7]",216562
6,"[6, 6, 6, 6, 5]",216563
1,"[1, 1, 1, 1, 1]",216564
8,"[8, 8, 8, 8, 8]",216565
8,"[8, 8, 7, 8, 8]",216566
4,"[4, 4, 6, 4, 3]",216567
9,"[9, 9, 9, 9, 8]",216568
8,"[8, 8, 8, 8, 8]",216569
6,"[6, 6, 6, 6, 6]",216570
6,"[6, 6, 7, 5, 6]",216571
8,"[7, 8, 8, 8, 7]",216572
7,"[7, 7, 7, 7, 7]",216573
7,"[7, 7, 8, 7, 7]",216574
7,"[7, 7, 7, 7, 7]",216575
6,"[6, 7, 6, 6, 7]",216576
7,"[7, 7, 8, 7, 7]",216577
8,"[8, 8, 8, 8, 8]",216578
1,"[1, 1, 1, 1, 1]",216579
8,"[8, 8, 8, 7, 8]",216580
5,"[5, 5, 5, 5, 4]",216581
8,"[8, 7, 8, 8, 8]",216582
6,"[7, 5, 6, 7, 7]",216583
6,"[6, 6, 6, 6, 6]",216584
7,"[7, 7, 7, 7, 7]",216585
7,"[7, 7, 8, 7, 7]",216586
8,"[8, 8, 8, 7, 7]",216587
6,"[7, 6, 5, 6, 6]",216588
8,"[8, 8, 7, 8, 8]",216589
7,"[6, 6, 7, 7, 7]",216590
7,"[5, 8, 8, 8, 8]",216591
1,"[1, 1, 1, 2, 2]",216592
8,"[8, 8, 8, 8, 8]",216593
1,"[1, 1, 1, 1, 1]",216594
8,"[8, 7, 7, 8, 8]",216595
8,"[8, 8, 8, 8, 8]",216596
7,"[8, 6, 7, 7, 7]",216597
7,"[7, 7, 7, 7, 7]",216598
8,"[9, 9, 8, 8, 8]",216599
7,"[7, 7, 7, 6, 7]",216600
6,"[7, 6, 6, 6, 7]",216601
5,"[5, 5, 6, 6, 5]",216602
8,"[8, 8, 8, 8, 8]",216603
7,"[7, 8, 7, 7, 7]",216604
1,"[1, 1, 1, 1, 1]",216605
7,"[6, 7, 7, 7, 7]",216606
8,"[7, 9, 8, 9, 9]",216607
7,"[7, 7, 7, 7, 7]",216608
6,"[6, 6, 6, 6, 6]",216609
8,"[9, 8, 8, 8, 8]",216610
8,"[8, 8, 8, 8, 8]",216611
6,"[6, 7, 5, 7, 6]",216612
7,"[7, 7, 6, 7, 7]",216613
9,"[9, 9, 9, 9, 9]",216614
7,"[7, 7, 7, 7, 7]",216615
5,"[6, 5, 5, 6, 4]",216616
6,"[6, 7, 6, 6, 6]",216617
9,"[9, 8, 8, 9, 9]",216618
6,"[6, 6, 6, 6, 6]",216619
7,"[7, 7, 6, 8, 8]",216620
7,"[7, 7, 7, 6, 7]",216621
8,"[8, 8, 8, 8, 8]",216622
7,"[7, 7, 7, 7, 7]",216623
8,"[8, 7, 8, 7, 8]",216624
7,"[7, 6, 7, 7, 7]",216625
1,"[1, 1, 1, 1, 1]",216626
8,"[8, 7, 8, 7, 8]",216627
5,"[-1, 5, 5, -1, -1]",216628
1,"[-1, -1, -1, -1, 1]",216629
8,"[7, 8, 8, 8, 7]",216630
6,"[6, 6, 6, 6, 6]",216631
3,"[3, 3, 3, 3, 3]",216632
2,"[2, 2, 2, 3, 2]",216633
7,"[7, 6, 7, 7, 7]",216634
1,"[1, 1, 1, 1, 1]",216635
5,"[5, 5, 5, 5, 5]",216636
4,"[4, 4, 4, 4, 4]",216637
5,"[5, 6, 3, 3, 6]",216638
3,"[3, 3, 2, 3, 3]",216639
4,"[4, 5, 3, 3, 3]",216640
4,"[5, 4, 4, 4, 4]",216641
4,"[3, 4, 5, 3, 4]",216642
2,"[2, 2, 3, 2, 2]",216643
3,"[3, 3, 3, 1, 3]",216644
5,"[4, 6, 5, 5, 4]",216645
8,"[8, 8, 7, 8, 7]",216646
3,"[3, 3, 3, 3, 3]",216647
5,"[6, 6, 6, 4, 4]",216648
4,"[3, 4, 4, 3, 4]",216649
4,"[4, 3, 4, 4, 3]",216650
7,"[8, 6, 7, 7, 8]",216651
2,"[4, 1, 1, 3, 2]",216652
6,"[6, 5, 6, 6, 6]",216653
6,"[6, 6, 6, 7, 6]",216654
1,"[1, 1, 1, 1, 1]",216655
6,"[6, 7, 6, 6, 6]",216656
1,"[1, 1, 1, 1, 1]",216657
4,"[4, 4, 3, 4, 3]",216658
1,"[1, 2, 1, 1, 1]",216659
2,"[2, 2, 2, 3, 2]",216660
3,"[3, 3, 3, 3, 3]",216661
1,"[1, 1, 1, 1, 1]",216662
8,"[9, 8, 8, 7, 8]",216663
6,"[6, 6, 6, 6, 5]",216664
8,"[8, 8, 7, 8, 8]",216665
3,"[3, 3, 3, 4, 3]",216666
8,"[8, 7, 8, 8, 8]",216667
1,"[1, 1, 1, 1, 1]",216668
3,"[4, 4, 4, 3, 2]",216669
1,"[1, 1, 3, 1, 1]",216670
3,"[3, 4, 3, 4, 3]",216671
1,"[1, 1, 1, 1, 1]",216672
8,"[8, 8, 8, 8, 7]",216673
3,"[2, 4, 2, 3, 2]",216674
1,"[1, 1, 1, 1, 1]",216675
7,"[7, 7, 7, 7, 7]",216676
8,"[8, 8, 8, 8, 8]",216677
8,"[8, 8, 8, 8, 8]",216678
1,"[1, 1, 1, 1, 1]",216679
8,"[7, 8, 8, 7, 8]",216680
1,"[1, 1, 1, 2, 2]",216681
3,"[3, 3, 3, 3, 4]",216682
1,"[1, 2, 1, 1, 1]",216683
8,"[8, 8, 7, 8, 8]",216684
8,"[8, 8, 8, 8, 8]",216685
1,"[1, 1, 1, 1, 1]",216686
7,"[8, 7, 7, 7, 6]",216687
7,"[7, 7, 7, 6, 7]",216688
1,"[1, 1, 1, 1, 1]",216689
5,"[3, 5, 5, 6, 5]",216690
7,"[7, 7, 7, 7, 7]",216691
1,"[1, 1, 1, 1, 1]",216692
8,"[8, 8, 8, 8, 8]",216693
3,"[4, 4, 3, 3, 3]",216694
4,"[4, 4, 4, 3, 4]",216695
7,"[7, 7, 7, 7, 7]",216696
5,"[5, 5, 5, 5, 5]",216697
5,"[6, 6, 6, 3, 6]",216698
9,"[9, 9, 9, 9, -1]",216699
6,"[6, 6, 6, 6, 5]",216700
1,"[1, -1, 1, 2, 1]",216701
5,"[5, 5, 5, 4, 5]",216702
5,"[5, 5, 5, 6, 5]",216703
3,"[2, 3, 1, 5, 4]",216704
6,"[6, 5, 6, 6, 6]",216705
7,"[7, 7, 7, 7, 7]",216706
1,"[1, 1, 1, 2, 1]",216707
